Category;Correlation;p-value
lifestyle;0.135;3.1255891575218562e-148
health;0.312;0
news;0.505;0
sports;0.807;0
weather;0.304;0
entertainment;-0.224;8.101412022845724e-201
autos;0.459;0
travel;0.043;1.9381556919924618e-15
foodanddrink;0.481;0
tv;0.054;3.198670771070411e-21
finance;0.332;0
movies;-0.030;1.026362075252356e-05
video;-0.085;8.839350075882798e-39
music;-0.119;1.212822131890671e-66
kids;-0.1901;2.1898657954495605e-16
middleeast;nan;nan
northamerica;nan;nan