Sentiment;Correlation;p-value
Positive;0.125;0.0001 (0.12542275198767378, 3.730798180788875e-171)
Negative;0.120;0.0001 (0.11995325555902916, 1.5703608359926247e-156)
Neutral;0.005;0.311