Sentiment;Correlation;p-value
Positive;0.29679913349610465;0.0
Negative;0.2991333524375468;0.0
Neutral;0.14549855462945266;6.695898038847733e-229