Sentiment;Correlation;p-value
Positive;0.1289317611071113;5.547808733322303e-20
Negative;0.13108994337659033;1.3457900786297704e-20
Neutral;0.034314917321818954;0.015646773362766753
